{
    "type":  "FeatureCollection",
    "name":  "ParticipantPointsMerged",
    "crs":  {
                "type":  "name",
                "properties":  {
                                   "name":  "urn:ogc:def:crs:OGC:1.3:CRS84"
                               }
            },
    "features":  [
                     {
                         "type":  "Feature",
                         "properties":  {
                                            "OBJECTID":  1,
                                            "description":  "Grocery",
                                            "layer":  "P1",
                                            "mode":  "driving",
                                            "gender":  "Woman",
                                            "race":  "Black",
                                            "tenure":  "One year or less",
                                            "income_range":  "Less than $20,000",
                                            "mobile_rating":  "4",
                                            "movement_type":  "Utility",
                                            "participantName":  "Eshe"
                                        },
                         "geometry":  {
                                          "type":  "Point",
                                          "coordinates":  [
                                                              -84.347797,
                                                              33.722356
                                                          ]
                                      }
                     },
                     {
                         "type":  "Feature",
                         "properties":  {
                                            "OBJECTID":  2,
                                            "description":  "Grocery",
                                            "layer":  "P1",
                                            "mode":  "driving",
                                            "gender":  "Woman",
                                            "race":  "Black",
                                            "tenure":  "One year or less",
                                            "income_range":  "Less than $20,000",
                                            "mobile_rating":  "4",
                                            "movement_type":  "Utility",
                                            "participantName":  "Eshe"
                                        },
                         "geometry":  {
                                          "type":  "Point",
                                          "coordinates":  [
                                                              -84.312949,
                                                              33.719018
                                                          ]
                                      }
                     },
                     {
                         "type":  "Feature",
                         "properties":  {
                                            "OBJECTID":  3,
                                            "description":  "Recreation",
                                            "layer":  "P1",
                                            "mode":  "walking",
                                            "gender":  "Woman",
                                            "race":  "Black",
                                            "tenure":  "One year or less",
                                            "income_range":  "Less than $20,000",
                                            "mobile_rating":  "4",
                                            "movement_type":  "Joy",
                                            "participantName":  "Eshe"
                                        },
                         "geometry":  {
                                          "type":  "Point",
                                          "coordinates":  [
                                                              -84.390979,
                                                              33.752718
                                                          ]
                                      }
                     },
                     {
                         "type":  "Feature",
                         "properties":  {
                                            "OBJECTID":  4,
                                            "description":  "Workplace",
                                            "layer":  "P1",
                                            "mode":  "driving",
                                            "gender":  "Woman",
                                            "race":  "Black",
                                            "tenure":  "One year or less",
                                            "income_range":  "Less than $20,000",
                                            "mobile_rating":  "4",
                                            "movement_type":  "Utility",
                                            "participantName":  "Eshe"
                                        },
                         "geometry":  {
                                          "type":  "Point",
                                          "coordinates":  [
                                                              -84.386102,
                                                              33.753673
                                                          ]
                                      }
                     },
                     {
                         "type":  "Feature",
                         "properties":  {
                                            "OBJECTID":  5,
                                            "description":  "Recreation",
                                            "layer":  "P1",
                                            "mode":  "walking",
                                            "gender":  "Woman",
                                            "race":  "Black",
                                            "tenure":  "One year or less",
                                            "income_range":  "Less than $20,000",
                                            "mobile_rating":  "4",
                                            "movement_type":  "Joy",
                                            "participantName":  "Eshe"
                                        },
                         "geometry":  {
                                          "type":  "Point",
                                          "coordinates":  [
                                                              -84.388154,
                                                              33.756148
                                                          ]
                                      }
                     },
                     {
                         "type":  "Feature",
                         "properties":  {
                                            "OBJECTID":  6,
                                            "description":  "Recreation",
                                            "layer":  "P1",
                                            "mode":  "walking",
                                            "gender":  "Woman",
                                            "race":  "Black",
                                            "tenure":  "One year or less",
                                            "income_range":  "Less than $20,000",
                                            "mobile_rating":  "4",
                                            "movement_type":  "Joy",
                                            "participantName":  "Eshe"
                                        },
                         "geometry":  {
                                          "type":  "Point",
                                          "coordinates":  [
                                                              -84.394057,
                                                              33.763039
                                                          ]
                                      }
                     },
                     {
                         "type":  "Feature",
                         "properties":  {
                                            "OBJECTID":  7,
                                            "description":  "Family",
                                            "layer":  "P1",
                                            "mode":  "MARTA",
                                            "gender":  "Woman",
                                            "race":  "Black",
                                            "tenure":  "One year or less",
                                            "income_range":  "Less than $20,000",
                                            "mobile_rating":  "4",
                                            "movement_type":  "Joy",
                                            "participantName":  "Eshe"
                                        },
                         "geometry":  {
                                          "type":  "Point",
                                          "coordinates":  [
                                                              -84.396285,
                                                              33.775618
                                                          ]
                                      }
                     },
                     {
                         "type":  "Feature",
                         "properties":  {
                                            "OBJECTID":  8,
                                            "description":  "Religious",
                                            "layer":  "P1",
                                            "mode":  "driving",
                                            "gender":  "Woman",
                                            "race":  "Black",
                                            "tenure":  "One year or less",
                                            "income_range":  "Less than $20,000",
                                            "mobile_rating":  "4",
                                            "movement_type":  "Utility",
                                            "participantName":  "Eshe"
                                        },
                         "geometry":  {
                                          "type":  "Point",
                                          "coordinates":  [
                                                              -84.401709,
                                                              33.786022
                                                          ]
                                      }
                     },
                     {
                         "type":  "Feature",
                         "properties":  {
                                            "OBJECTID":  9,
                                            "description":  "Workplace",
                                            "layer":  "P1",
                                            "mode":  "driving",
                                            "gender":  "Woman",
                                            "race":  "Black",
                                            "tenure":  "One year or less",
                                            "income_range":  "Less than $20,000",
                                            "mobile_rating":  "4",
                                            "movement_type":  "Utility",
                                            "participantName":  "Eshe"
                                        },
                         "geometry":  {
                                          "type":  "Point",
                                          "coordinates":  [
                                                              -84.391939,
                                                              33.815949
                                                          ]
                                      }
                     },
                     {
                         "type":  "Feature",
                         "properties":  {
                                            "OBJECTID":  10,
                                            "description":  "Workplace",
                                            "layer":  "P10",
                                            "mode":  "MARTA",
                                            "gender":  "Nonbinary",
                                            "race":  "White",
                                            "tenure":  "Five and above",
                                            "income_range":  "Less than $20,000",
                                            "mobile_rating":  "4",
                                            "movement_type":  "Utility",
                                            "participantName":  "Jesse"
                                        },
                         "geometry":  {
                                          "type":  "Point",
                                          "coordinates":  [
                                                              -84.373205,
                                                              33.781318
                                                          ]
                                      }
                     },
                     {
                         "type":  "Feature",
                         "properties":  {
                                            "OBJECTID":  11,
                                            "description":  "Education",
                                            "layer":  "P10",
                                            "mode":  "MARTA",
                                            "gender":  "Nonbinary",
                                            "race":  "White",
                                            "tenure":  "Five and above",
                                            "income_range":  "Less than $20,000",
                                            "mobile_rating":  "4",
                                            "movement_type":  "Utility",
                                            "participantName":  "Jesse"
                                        },
                         "geometry":  {
                                          "type":  "Point",
                                          "coordinates":  [
                                                              -84.38574,
                                                              33.750874
                                                          ]
                                      }
                     },
                     {
                         "type":  "Feature",
                         "properties":  {
                                            "OBJECTID":  12,
                                            "description":  "Grocery",
                                            "layer":  "P10",
                                            "mode":  "MARTA",
                                            "gender":  "Nonbinary",
                                            "race":  "White",
                                            "tenure":  "Five and above",
                                            "income_range":  "Less than $20,000",
                                            "mobile_rating":  "4",
                                            "movement_type":  "Utility",
                                            "participantName":  "Jesse"
                                        },
                         "geometry":  {
                                          "type":  "Point",
                                          "coordinates":  [
                                                              -84.388809,
                                                              33.78048
                                                          ]
                                      }
                     },
                     {
                         "type":  "Feature",
                         "properties":  {
                                            "OBJECTID":  13,
                                            "description":  "Grocery",
                                            "layer":  "P10",
                                            "mode":  "MARTA",
                                            "gender":  "Nonbinary",
                                            "race":  "White",
                                            "tenure":  "Five and above",
                                            "income_range":  "Less than $20,000",
                                            "mobile_rating":  "4",
                                            "movement_type":  "Utility",
                                            "participantName":  "Jesse"
                                        },
                         "geometry":  {
                                          "type":  "Point",
                                          "coordinates":  [
                                                              -84.36791,
                                                              33.779655
                                                          ]
                                      }
                     },
                     {
                         "type":  "Feature",
                         "properties":  {
                                            "OBJECTID":  14,
                                            "description":  "Social",
                                            "layer":  "P10",
                                            "mode":  "MARTA",
                                            "gender":  "Nonbinary",
                                            "race":  "White",
                                            "tenure":  "Five and above",
                                            "income_range":  "Less than $20,000",
                                            "mobile_rating":  "4",
                                            "movement_type":  "Joy",
                                            "participantName":  "Jesse"
                                        },
                         "geometry":  {
                                          "type":  "Point",
                                          "coordinates":  [
                                                              -84.27717,
                                                              34.070788
                                                          ]
                                      }
                     },
                     {
                         "type":  "Feature",
                         "properties":  {
                                            "OBJECTID":  15,
                                            "description":  "Workplace",
                                            "layer":  "P10",
                                            "mode":  "MARTA",
                                            "gender":  "Nonbinary",
                                            "race":  "White",
                                            "tenure":  "Five and above",
                                            "income_range":  "Less than $20,000",
                                            "mobile_rating":  "4",
                                            "movement_type":  "Utility",
                                            "participantName":  "Jesse"
                                        },
                         "geometry":  {
                                          "type":  "Point",
                                          "coordinates":  [
                                                              -84.386193,
                                                              33.768644
                                                          ]
                                      }
                     },
                     {
                         "type":  "Feature",
                         "properties":  {
                                            "OBJECTID":  16,
                                            "description":  "Workplace",
                                            "layer":  "P2",
                                            "mode":  "driving",
                                            "gender":  "Woman",
                                            "race":  "White",
                                            "tenure":  "One to five",
                                            "income_range":  "Between $20,000-$50,000",
                                            "mobile_rating":  "2",
                                            "movement_type":  "Utility",
                                            "participantName":  "Emily"
                                        },
                         "geometry":  {
                                          "type":  "Point",
                                          "coordinates":  [
                                                              -84.358297,
                                                              33.762365
                                                          ]
                                      }
                     },
                     {
                         "type":  "Feature",
                         "properties":  {
                                            "OBJECTID":  17,
                                            "description":  "Workplace",
                                            "layer":  "P2",
                                            "mode":  "driving",
                                            "gender":  "Woman",
                                            "race":  "White",
                                            "tenure":  "One to five",
                                            "income_range":  "Between $20,000-$50,000",
                                            "mobile_rating":  "2",
                                            "movement_type":  "Utility",
                                            "participantName":  "Emily"
                                        },
                         "geometry":  {
                                          "type":  "Point",
                                          "coordinates":  [
                                                              -84.372599,
                                                              33.789957
                                                          ]
                                      }
                     },
                     {
                         "type":  "Feature",
                         "properties":  {
                                            "OBJECTID":  18,
                                            "description":  "Grocery",
                                            "layer":  "P2",
                                            "mode":  "driving",
                                            "gender":  "Woman",
                                            "race":  "White",
                                            "tenure":  "One to five",
                                            "income_range":  "Between $20,000-$50,000",
                                            "mobile_rating":  "2",
                                            "movement_type":  "Utility",
                                            "participantName":  "Emily"
                                        },
                         "geometry":  {
                                          "type":  "Point",
                                          "coordinates":  [
                                                              -84.38759,
                                                              33.736565
                                                          ]
                                      }
                     },
                     {
                         "type":  "Feature",
                         "properties":  {
                                            "OBJECTID":  19,
                                            "description":  "Education",
                                            "layer":  "P2",
                                            "mode":  "walking",
                                            "gender":  "Woman",
                                            "race":  "White",
                                            "tenure":  "One to five",
                                            "income_range":  "Between $20,000-$50,000",
                                            "mobile_rating":  "2",
                                            "movement_type":  "Utility",
                                            "participantName":  "Emily"
                                        },
                         "geometry":  {
                                          "type":  "Point",
                                          "coordinates":  [
                                                              -84.385282,
                                                              33.753068
                                                          ]
                                      }
                     },
                     {
                         "type":  "Feature",
                         "properties":  {
                                            "OBJECTID":  20,
                                            "description":  "Education",
                                            "layer":  "P3",
                                            "mode":  "driving",
                                            "gender":  "Woman",
                                            "race":  "White",
                                            "tenure":  "One to five",
                                            "income_range":  "More than $100,000",
                                            "mobile_rating":  "4",
                                            "movement_type":  "Utility",
                                            "participantName":  "Sarah"
                                        },
                         "geometry":  {
                                          "type":  "Point",
                                          "coordinates":  [
                                                              -84.385662,
                                                              33.752194
                                                          ]
                                      }
                     },
                     {
                         "type":  "Feature",
                         "properties":  {
                                            "OBJECTID":  21,
                                            "description":  "Grocery",
                                            "layer":  "P3",
                                            "mode":  "driving",
                                            "gender":  "Woman",
                                            "race":  "White",
                                            "tenure":  "One to five",
                                            "income_range":  "More than $100,000",
                                            "mobile_rating":  "4",
                                            "movement_type":  "Utility",
                                            "participantName":  "Sarah"
                                        },
                         "geometry":  {
                                          "type":  "Point",
                                          "coordinates":  [
                                                              -84.360181,
                                                              33.742399
                                                          ]
                                      }
                     },
                     {
                         "type":  "Feature",
                         "properties":  {
                                            "OBJECTID":  22,
                                            "description":  "Grocery",
                                            "layer":  "P3",
                                            "mode":  "driving",
                                            "gender":  "Woman",
                                            "race":  "White",
                                            "tenure":  "One to five",
                                            "income_range":  "More than $100,000",
                                            "mobile_rating":  "4",
                                            "movement_type":  "Utility",
                                            "participantName":  "Sarah"
                                        },
                         "geometry":  {
                                          "type":  "Point",
                                          "coordinates":  [
                                                              -84.387019,
                                                              33.739136
                                                          ]
                                      }
                     },
                     {
                         "type":  "Feature",
                         "properties":  {
                                            "OBJECTID":  23,
                                            "description":  "Recreation",
                                            "layer":  "P3",
                                            "mode":  "driving",
                                            "gender":  "Woman",
                                            "race":  "White",
                                            "tenure":  "One to five",
                                            "income_range":  "More than $100,000",
                                            "mobile_rating":  "4",
                                            "movement_type":  "Joy",
                                            "participantName":  "Sarah"
                                        },
                         "geometry":  {
                                          "type":  "Point",
                                          "coordinates":  [
                                                              -84.38285,
                                                              33.725497
                                                          ]
                                      }
                     },
                     {
                         "type":  "Feature",
                         "properties":  {
                                            "OBJECTID":  24,
                                            "description":  "Recreation",
                                            "layer":  "P3",
                                            "mode":  "driving",
                                            "gender":  "Woman",
                                            "race":  "White",
                                            "tenure":  "One to five",
                                            "income_range":  "More than $100,000",
                                            "mobile_rating":  "4",
                                            "movement_type":  "Joy",
                                            "participantName":  "Sarah"
                                        },
                         "geometry":  {
                                          "type":  "Point",
                                          "coordinates":  [
                                                              -84.375972,
                                                              33.725817
                                                          ]
                                      }
                     },
                     {
                         "type":  "Feature",
                         "properties":  {
                                            "OBJECTID":  25,
                                            "description":  "Recreation",
                                            "layer":  "P3",
                                            "mode":  "driving",
                                            "gender":  "Woman",
                                            "race":  "White",
                                            "tenure":  "One to five",
                                            "income_range":  "More than $100,000",
                                            "mobile_rating":  "4",
                                            "movement_type":  "Joy",
                                            "participantName":  "Sarah"
                                        },
                         "geometry":  {
                                          "type":  "Point",
                                          "coordinates":  [
                                                              -84.296235,
                                                              33.770474
                                                          ]
                                      }
                     },
                     {
                         "type":  "Feature",
                         "properties":  {
                                            "OBJECTID":  26,
                                            "description":  "Recreation",
                                            "layer":  "P3",
                                            "mode":  "walking",
                                            "gender":  "Woman",
                                            "race":  "White",
                                            "tenure":  "One to five",
                                            "income_range":  "More than $100,000",
                                            "mobile_rating":  "4",
                                            "movement_type":  "Joy",
                                            "participantName":  "Sarah"
                                        },
                         "geometry":  {
                                          "type":  "Point",
                                          "coordinates":  [
                                                              -84.388187,
                                                              33.761844
                                                          ]
                                      }
                     },
                     {
                         "type":  "Feature",
                         "properties":  {
                                            "OBJECTID":  27,
                                            "description":  "Recreation",
                                            "layer":  "P3",
                                            "mode":  "walking",
                                            "gender":  "Woman",
                                            "race":  "White",
                                            "tenure":  "One to five",
                                            "income_range":  "More than $100,000",
                                            "mobile_rating":  "4",
                                            "movement_type":  "Joy",
                                            "participantName":  "Sarah"
                                        },
                         "geometry":  {
                                          "type":  "Point",
                                          "coordinates":  [
                                                              -84.385627,
                                                              33.752769
                                                          ]
                                      }
                     },
                     {
                         "type":  "Feature",
                         "properties":  {
                                            "OBJECTID":  28,
                                            "description":  "Education",
                                            "layer":  "P3",
                                            "mode":  "walking",
                                            "gender":  "Woman",
                                            "race":  "White",
                                            "tenure":  "One to five",
                                            "income_range":  "More than $100,000",
                                            "mobile_rating":  "4",
                                            "movement_type":  "Utility",
                                            "participantName":  "Sarah"
                                        },
                         "geometry":  {
                                          "type":  "Point",
                                          "coordinates":  [
                                                              -84.384904,
                                                              33.752665
                                                          ]
                                      }
                     },
                     {
                         "type":  "Feature",
                         "properties":  {
                                            "OBJECTID":  29,
                                            "description":  "Grocery",
                                            "layer":  "P3",
                                            "mode":  "driving",
                                            "gender":  "Woman",
                                            "race":  "White",
                                            "tenure":  "One to five",
                                            "income_range":  "More than $100,000",
                                            "mobile_rating":  "4",
                                            "movement_type":  "Utility",
                                            "participantName":  "Sarah"
                                        },
                         "geometry":  {
                                          "type":  "Point",
                                          "coordinates":  [
                                                              -84.350202,
                                                              33.713723
                                                          ]
                                      }
                     },
                     {
                         "type":  "Feature",
                         "properties":  {
                                            "OBJECTID":  30,
                                            "description":  "Recreation",
                                            "layer":  "P3",
                                            "mode":  "driving",
                                            "gender":  "Woman",
                                            "race":  "White",
                                            "tenure":  "One to five",
                                            "income_range":  "More than $100,000",
                                            "mobile_rating":  "4",
                                            "movement_type":  "Joy",
                                            "participantName":  "Sarah"
                                        },
                         "geometry":  {
                                          "type":  "Point",
                                          "coordinates":  [
                                                              -84.407607,
                                                              33.694902
                                                          ]
                                      }
                     },
                     {
                         "type":  "Feature",
                         "properties":  {
                                            "OBJECTID":  31,
                                            "description":  "Recreation",
                                            "layer":  "P3",
                                            "mode":  "driving",
                                            "gender":  "Woman",
                                            "race":  "White",
                                            "tenure":  "One to five",
                                            "income_range":  "More than $100,000",
                                            "mobile_rating":  "4",
                                            "movement_type":  "Joy",
                                            "participantName":  "Sarah"
                                        },
                         "geometry":  {
                                          "type":  "Point",
                                          "coordinates":  [
                                                              -84.37394,
                                                              33.730142
                                                          ]
                                      }
                     },
                     {
                         "type":  "Feature",
                         "properties":  {
                                            "OBJECTID":  32,
                                            "description":  "Workplace",
                                            "layer":  "P4",
                                            "mode":  "driving",
                                            "gender":  "Man",
                                            "race":  "Black",
                                            "tenure":  "One to five",
                                            "income_range":  "Less than $20,000",
                                            "mobile_rating":  "3",
                                            "movement_type":  "Utility",
                                            "participantName":  "Ade"
                                        },
                         "geometry":  {
                                          "type":  "Point",
                                          "coordinates":  [
                                                              -84.379547,
                                                              33.73701
                                                          ]
                                      }
                     },
                     {
                         "type":  "Feature",
                         "properties":  {
                                            "OBJECTID":  33,
                                            "description":  "Religious",
                                            "layer":  "P4",
                                            "mode":  "walking",
                                            "gender":  "Man",
                                            "race":  "Black",
                                            "tenure":  "One to five",
                                            "income_range":  "Less than $20,000",
                                            "mobile_rating":  "3",
                                            "movement_type":  "Utility",
                                            "participantName":  "Ade"
                                        },
                         "geometry":  {
                                          "type":  "Point",
                                          "coordinates":  [
                                                              -84.418171,
                                                              33.674508
                                                          ]
                                      }
                     },
                     {
                         "type":  "Feature",
                         "properties":  {
                                            "OBJECTID":  34,
                                            "description":  "Education",
                                            "layer":  "P4",
                                            "mode":  "driving",
                                            "gender":  "Man",
                                            "race":  "Black",
                                            "tenure":  "One to five",
                                            "income_range":  "Less than $20,000",
                                            "mobile_rating":  "3",
                                            "movement_type":  "Utility",
                                            "participantName":  "Ade"
                                        },
                         "geometry":  {
                                          "type":  "Point",
                                          "coordinates":  [
                                                              -84.385886,
                                                              33.753053
                                                          ]
                                      }
                     },
                     {
                         "type":  "Feature",
                         "properties":  {
                                            "OBJECTID":  35,
                                            "description":  "Education",
                                            "layer":  "P4",
                                            "mode":  "driving",
                                            "gender":  "Man",
                                            "race":  "Black",
                                            "tenure":  "One to five",
                                            "income_range":  "Less than $20,000",
                                            "mobile_rating":  "3",
                                            "movement_type":  "Utility",
                                            "participantName":  "Ade"
                                        },
                         "geometry":  {
                                          "type":  "Point",
                                          "coordinates":  [
                                                              -84.386976,
                                                              33.755212
                                                          ]
                                      }
                     },
                     {
                         "type":  "Feature",
                         "properties":  {
                                            "OBJECTID":  36,
                                            "description":  "Recreation",
                                            "layer":  "P4",
                                            "mode":  "driving",
                                            "gender":  "Man",
                                            "race":  "Black",
                                            "tenure":  "One to five",
                                            "income_range":  "Less than $20,000",
                                            "mobile_rating":  "3",
                                            "movement_type":  "Joy",
                                            "participantName":  "Ade"
                                        },
                         "geometry":  {
                                          "type":  "Point",
                                          "coordinates":  [
                                                              -84.442121,
                                                              33.78528
                                                          ]
                                      }
                     },
                     {
                         "type":  "Feature",
                         "properties":  {
                                            "OBJECTID":  37,
                                            "description":  "Recreation",
                                            "layer":  "P4",
                                            "mode":  "driving",
                                            "gender":  "Man",
                                            "race":  "Black",
                                            "tenure":  "One to five",
                                            "income_range":  "Less than $20,000",
                                            "mobile_rating":  "3",
                                            "movement_type":  "Joy",
                                            "participantName":  "Ade"
                                        },
                         "geometry":  {
                                          "type":  "Point",
                                          "coordinates":  [
                                                              -84.347457,
                                                              33.572464
                                                          ]
                                      }
                     },
                     {
                         "type":  "Feature",
                         "properties":  {
                                            "OBJECTID":  38,
                                            "description":  "Grocery",
                                            "layer":  "P4",
                                            "mode":  "driving",
                                            "gender":  "Man",
                                            "race":  "Black",
                                            "tenure":  "One to five",
                                            "income_range":  "Less than $20,000",
                                            "mobile_rating":  "3",
                                            "movement_type":  "Utility",
                                            "participantName":  "Ade"
                                        },
                         "geometry":  {
                                          "type":  "Point",
                                          "coordinates":  [
                                                              -84.416698,
                                                              33.678755
                                                          ]
                                      }
                     },
                     {
                         "type":  "Feature",
                         "properties":  {
                                            "OBJECTID":  39,
                                            "description":  "Recreation",
                                            "layer":  "P4",
                                            "mode":  "driving",
                                            "gender":  "Man",
                                            "race":  "Black",
                                            "tenure":  "One to five",
                                            "income_range":  "Less than $20,000",
                                            "mobile_rating":  "3",
                                            "movement_type":  "Joy",
                                            "participantName":  "Ade"
                                        },
                         "geometry":  {
                                          "type":  "Point",
                                          "coordinates":  [
                                                              -84.393083,
                                                              33.760463
                                                          ]
                                      }
                     },
                     {
                         "type":  "Feature",
                         "properties":  {
                                            "OBJECTID":  40,
                                            "description":  "Religious",
                                            "layer":  "P5",
                                            "mode":  "driving",
                                            "gender":  "Woman",
                                            "race":  "Black",
                                            "tenure":  "Five and above",
                                            "income_range":  "Between $20,000-$50,000",
                                            "mobile_rating":  "5",
                                            "movement_type":  "Utility",
                                            "participantName":  "Cheryl"
                                        },
                         "geometry":  {
                                          "type":  "Point",
                                          "coordinates":  [
                                                              -84.383033,
                                                              33.726281
                                                          ]
                                      }
                     },
                     {
                         "type":  "Feature",
                         "properties":  {
                                            "OBJECTID":  41,
                                            "description":  "Recreation",
                                            "layer":  "P5",
                                            "mode":  "driving",
                                            "gender":  "Woman",
                                            "race":  "Black",
                                            "tenure":  "Five and above",
                                            "income_range":  "Between $20,000-$50,000",
                                            "mobile_rating":  "5",
                                            "movement_type":  "Joy",
                                            "participantName":  "Cheryl"
                                        },
                         "geometry":  {
                                          "type":  "Point",
                                          "coordinates":  [
                                                              -84.388537,
                                                              33.726505
                                                          ]
                                      }
                     },
                     {
                         "type":  "Feature",
                         "properties":  {
                                            "OBJECTID":  42,
                                            "description":  "Family",
                                            "layer":  "P5",
                                            "mode":  "driving",
                                            "gender":  "Woman",
                                            "race":  "Black",
                                            "tenure":  "Five and above",
                                            "income_range":  "Between $20,000-$50,000",
                                            "mobile_rating":  "5",
                                            "movement_type":  "Joy",
                                            "participantName":  "Cheryl"
                                        },
                         "geometry":  {
                                          "type":  "Point",
                                          "coordinates":  [
                                                              -84.489771,
                                                              33.752383
                                                          ]
                                      }
                     },
                     {
                         "type":  "Feature",
                         "properties":  {
                                            "OBJECTID":  43,
                                            "description":  "Health",
                                            "layer":  "P5",
                                            "mode":  "driving",
                                            "gender":  "Woman",
                                            "race":  "Black",
                                            "tenure":  "Five and above",
                                            "income_range":  "Between $20,000-$50,000",
                                            "mobile_rating":  "5",
                                            "movement_type":  "Utility",
                                            "participantName":  "Cheryl"
                                        },
                         "geometry":  {
                                          "type":  "Point",
                                          "coordinates":  [
                                                              -84.414178,
                                                              33.67888
                                                          ]
                                      }
                     },
                     {
                         "type":  "Feature",
                         "properties":  {
                                            "OBJECTID":  44,
                                            "description":  "Recreation",
                                            "layer":  "P6",
                                            "mode":  "walking",
                                            "gender":  "Woman",
                                            "race":  "Black",
                                            "tenure":  "Five and above",
                                            "income_range":  "Between $20,000-$50,000",
                                            "mobile_rating":  "4",
                                            "movement_type":  "Joy",
                                            "participantName":  "Debra"
                                        },
                         "geometry":  {
                                          "type":  "Point",
                                          "coordinates":  [
                                                              -84.39511,
                                                              33.763382
                                                          ]
                                      }
                     },
                     {
                         "type":  "Feature",
                         "properties":  {
                                            "OBJECTID":  45,
                                            "description":  "Recreation",
                                            "layer":  "P6",
                                            "mode":  "walking",
                                            "gender":  "Woman",
                                            "race":  "Black",
                                            "tenure":  "Five and above",
                                            "income_range":  "Between $20,000-$50,000",
                                            "mobile_rating":  "4",
                                            "movement_type":  "Joy",
                                            "participantName":  "Debra"
                                        },
                         "geometry":  {
                                          "type":  "Point",
                                          "coordinates":  [
                                                              -84.388987,
                                                              33.726217
                                                          ]
                                      }
                     },
                     {
                         "type":  "Feature",
                         "properties":  {
                                            "OBJECTID":  46,
                                            "description":  "Recreation",
                                            "layer":  "P6",
                                            "mode":  "walking",
                                            "gender":  "Woman",
                                            "race":  "Black",
                                            "tenure":  "Five and above",
                                            "income_range":  "Between $20,000-$50,000",
                                            "mobile_rating":  "4",
                                            "movement_type":  "Joy",
                                            "participantName":  "Debra"
                                        },
                         "geometry":  {
                                          "type":  "Point",
                                          "coordinates":  [
                                                              -84.371634,
                                                              33.738693
                                                          ]
                                      }
                     },
                     {
                         "type":  "Feature",
                         "properties":  {
                                            "OBJECTID":  47,
                                            "description":  "Grocery",
                                            "layer":  "P6",
                                            "mode":  "walking",
                                            "gender":  "Woman",
                                            "race":  "Black",
                                            "tenure":  "Five and above",
                                            "income_range":  "Between $20,000-$50,000",
                                            "mobile_rating":  "4",
                                            "movement_type":  "Utility",
                                            "participantName":  "Debra"
                                        },
                         "geometry":  {
                                          "type":  "Point",
                                          "coordinates":  [
                                                              -84.416698,
                                                              33.678755
                                                          ]
                                      }
                     },
                     {
                         "type":  "Feature",
                         "properties":  {
                                            "OBJECTID":  48,
                                            "description":  "Family",
                                            "layer":  "P6",
                                            "mode":  "walking",
                                            "gender":  "Woman",
                                            "race":  "Black",
                                            "tenure":  "Five and above",
                                            "income_range":  "Between $20,000-$50,000",
                                            "mobile_rating":  "4",
                                            "movement_type":  "Joy",
                                            "participantName":  "Debra"
                                        },
                         "geometry":  {
                                          "type":  "Point",
                                          "coordinates":  [
                                                              -84.395283,
                                                              33.666668
                                                          ]
                                      }
                     },
                     {
                         "type":  "Feature",
                         "properties":  {
                                            "OBJECTID":  49,
                                            "description":  "Grocery",
                                            "layer":  "P6",
                                            "mode":  "walking",
                                            "gender":  "Woman",
                                            "race":  "Black",
                                            "tenure":  "Five and above",
                                            "income_range":  "Between $20,000-$50,000",
                                            "mobile_rating":  "4",
                                            "movement_type":  "Utility",
                                            "participantName":  "Debra"
                                        },
                         "geometry":  {
                                          "type":  "Point",
                                          "coordinates":  [
                                                              -84.409275,
                                                              33.682747
                                                          ]
                                      }
                     },
                     {
                         "type":  "Feature",
                         "properties":  {
                                            "OBJECTID":  50,
                                            "description":  "Recreation",
                                            "layer":  "P7",
                                            "mode":  "walking",
                                            "gender":  "Man",
                                            "race":  "White",
                                            "tenure":  "One to five",
                                            "income_range":  "More than $100,000",
                                            "mobile_rating":  "4",
                                            "movement_type":  "Joy",
                                            "participantName":  "Adam"
                                        },
                         "geometry":  {
                                          "type":  "Point",
                                          "coordinates":  [
                                                              -84.362384,
                                                              33.769013
                                                          ]
                                      }
                     },
                     {
                         "type":  "Feature",
                         "properties":  {
                                            "OBJECTID":  51,
                                            "description":  "Recreation",
                                            "layer":  "P7",
                                            "mode":  "driving",
                                            "gender":  "Man",
                                            "race":  "White",
                                            "tenure":  "One to five",
                                            "income_range":  "More than $100,000",
                                            "mobile_rating":  "4",
                                            "movement_type":  "Joy",
                                            "participantName":  "Adam"
                                        },
                         "geometry":  {
                                          "type":  "Point",
                                          "coordinates":  [
                                                              -84.406525,
                                                              33.815216
                                                          ]
                                      }
                     },
                     {
                         "type":  "Feature",
                         "properties":  {
                                            "OBJECTID":  52,
                                            "description":  "Recreation",
                                            "layer":  "P7",
                                            "mode":  "walking",
                                            "gender":  "Man",
                                            "race":  "White",
                                            "tenure":  "One to five",
                                            "income_range":  "More than $100,000",
                                            "mobile_rating":  "4",
                                            "movement_type":  "Joy",
                                            "participantName":  "Adam"
                                        },
                         "geometry":  {
                                          "type":  "Point",
                                          "coordinates":  [
                                                              -84.402492,
                                                              33.808059
                                                          ]
                                      }
                     },
                     {
                         "type":  "Feature",
                         "properties":  {
                                            "OBJECTID":  53,
                                            "description":  "Recreation",
                                            "layer":  "P7",
                                            "mode":  "driving",
                                            "gender":  "Man",
                                            "race":  "White",
                                            "tenure":  "One to five",
                                            "income_range":  "More than $100,000",
                                            "mobile_rating":  "4",
                                            "movement_type":  "Joy",
                                            "participantName":  "Adam"
                                        },
                         "geometry":  {
                                          "type":  "Point",
                                          "coordinates":  [
                                                              -84.469876,
                                                              33.890494
                                                          ]
                                      }
                     },
                     {
                         "type":  "Feature",
                         "properties":  {
                                            "OBJECTID":  54,
                                            "description":  "Health",
                                            "layer":  "P7",
                                            "mode":  "driving",
                                            "gender":  "Man",
                                            "race":  "White",
                                            "tenure":  "One to five",
                                            "income_range":  "More than $100,000",
                                            "mobile_rating":  "4",
                                            "movement_type":  "Utility",
                                            "participantName":  "Adam"
                                        },
                         "geometry":  {
                                          "type":  "Point",
                                          "coordinates":  [
                                                              -84.367557,
                                                              33.83646
                                                          ]
                                      }
                     },
                     {
                         "type":  "Feature",
                         "properties":  {
                                            "OBJECTID":  55,
                                            "description":  "Grocery",
                                            "layer":  "P7",
                                            "mode":  "driving",
                                            "gender":  "Man",
                                            "race":  "White",
                                            "tenure":  "One to five",
                                            "income_range":  "More than $100,000",
                                            "mobile_rating":  "4",
                                            "movement_type":  "Utility",
                                            "participantName":  "Adam"
                                        },
                         "geometry":  {
                                          "type":  "Point",
                                          "coordinates":  [
                                                              -84.388809,
                                                              33.78048
                                                          ]
                                      }
                     },
                     {
                         "type":  "Feature",
                         "properties":  {
                                            "OBJECTID":  56,
                                            "description":  "Recreation",
                                            "layer":  "P7",
                                            "mode":  "driving",
                                            "gender":  "Man",
                                            "race":  "White",
                                            "tenure":  "One to five",
                                            "income_range":  "More than $100,000",
                                            "mobile_rating":  "4",
                                            "movement_type":  "Joy",
                                            "participantName":  "Adam"
                                        },
                         "geometry":  {
                                          "type":  "Point",
                                          "coordinates":  [
                                                              -84.362006,
                                                              33.918252
                                                          ]
                                      }
                     },
                     {
                         "type":  "Feature",
                         "properties":  {
                                            "OBJECTID":  57,
                                            "description":  "Recreation",
                                            "layer":  "P7",
                                            "mode":  "driving",
                                            "gender":  "Man",
                                            "race":  "White",
                                            "tenure":  "One to five",
                                            "income_range":  "More than $100,000",
                                            "mobile_rating":  "4",
                                            "movement_type":  "Joy",
                                            "participantName":  "Adam"
                                        },
                         "geometry":  {
                                          "type":  "Point",
                                          "coordinates":  [
                                                              -84.381148,
                                                              33.859936
                                                          ]
                                      }
                     },
                     {
                         "type":  "Feature",
                         "properties":  {
                                            "OBJECTID":  58,
                                            "description":  "Family",
                                            "layer":  "P7",
                                            "mode":  "driving",
                                            "gender":  "Man",
                                            "race":  "White",
                                            "tenure":  "One to five",
                                            "income_range":  "More than $100,000",
                                            "mobile_rating":  "4",
                                            "movement_type":  "Joy",
                                            "participantName":  "Adam"
                                        },
                         "geometry":  {
                                          "type":  "Point",
                                          "coordinates":  [
                                                              -84.747714,
                                                              33.751497
                                                          ]
                                      }
                     },
                     {
                         "type":  "Feature",
                         "properties":  {
                                            "OBJECTID":  59,
                                            "description":  "Grocery",
                                            "layer":  "P7",
                                            "mode":  "driving",
                                            "gender":  "Man",
                                            "race":  "White",
                                            "tenure":  "One to five",
                                            "income_range":  "More than $100,000",
                                            "mobile_rating":  "4",
                                            "movement_type":  "Utility",
                                            "participantName":  "Adam"
                                        },
                         "geometry":  {
                                          "type":  "Point",
                                          "coordinates":  [
                                                              -84.372972,
                                                              33.800505
                                                          ]
                                      }
                     },
                     {
                         "type":  "Feature",
                         "properties":  {
                                            "OBJECTID":  60,
                                            "description":  "Recreation",
                                            "layer":  "P7",
                                            "mode":  "driving",
                                            "gender":  "Man",
                                            "race":  "White",
                                            "tenure":  "One to five",
                                            "income_range":  "More than $100,000",
                                            "mobile_rating":  "4",
                                            "movement_type":  "Joy",
                                            "participantName":  "Adam"
                                        },
                         "geometry":  {
                                          "type":  "Point",
                                          "coordinates":  [
                                                              -84.38534,
                                                              33.772614
                                                          ]
                                      }
                     },
                     {
                         "type":  "Feature",
                         "properties":  {
                                            "OBJECTID":  61,
                                            "description":  "Recreation",
                                            "layer":  "P8",
                                            "mode":  "driving",
                                            "gender":  "Man",
                                            "race":  "White",
                                            "tenure":  "One to five",
                                            "income_range":  "More than $100,000",
                                            "mobile_rating":  "2",
                                            "movement_type":  "Joy",
                                            "participantName":  "Ethan"
                                        },
                         "geometry":  {
                                          "type":  "Point",
                                          "coordinates":  [
                                                              -84.310811,
                                                              33.814797
                                                          ]
                                      }
                     },
                     {
                         "type":  "Feature",
                         "properties":  {
                                            "OBJECTID":  62,
                                            "description":  "Recreation",
                                            "layer":  "P8",
                                            "mode":  "driving",
                                            "gender":  "Man",
                                            "race":  "White",
                                            "tenure":  "One to five",
                                            "income_range":  "More than $100,000",
                                            "mobile_rating":  "2",
                                            "movement_type":  "Joy",
                                            "participantName":  "Ethan"
                                        },
                         "geometry":  {
                                          "type":  "Point",
                                          "coordinates":  [
                                                              -84.364266,
                                                              33.755514
                                                          ]
                                      }
                     },
                     {
                         "type":  "Feature",
                         "properties":  {
                                            "OBJECTID":  63,
                                            "description":  "Recreation",
                                            "layer":  "P8",
                                            "mode":  "driving",
                                            "gender":  "Man",
                                            "race":  "White",
                                            "tenure":  "One to five",
                                            "income_range":  "More than $100,000",
                                            "mobile_rating":  "2",
                                            "movement_type":  "Joy",
                                            "participantName":  "Ethan"
                                        },
                         "geometry":  {
                                          "type":  "Point",
                                          "coordinates":  [
                                                              -84.406525,
                                                              33.815216
                                                          ]
                                      }
                     },
                     {
                         "type":  "Feature",
                         "properties":  {
                                            "OBJECTID":  64,
                                            "description":  "Recreation",
                                            "layer":  "P8",
                                            "mode":  "driving",
                                            "gender":  "Man",
                                            "race":  "White",
                                            "tenure":  "One to five",
                                            "income_range":  "More than $100,000",
                                            "mobile_rating":  "2",
                                            "movement_type":  "Joy",
                                            "participantName":  "Ethan"
                                        },
                         "geometry":  {
                                          "type":  "Point",
                                          "coordinates":  [
                                                              -84.361463,
                                                              34.028428
                                                          ]
                                      }
                     },
                     {
                         "type":  "Feature",
                         "properties":  {
                                            "OBJECTID":  65,
                                            "description":  "Recreation",
                                            "layer":  "P8",
                                            "mode":  "driving",
                                            "gender":  "Man",
                                            "race":  "White",
                                            "tenure":  "One to five",
                                            "income_range":  "More than $100,000",
                                            "mobile_rating":  "2",
                                            "movement_type":  "Joy",
                                            "participantName":  "Ethan"
                                        },
                         "geometry":  {
                                          "type":  "Point",
                                          "coordinates":  [
                                                              -84.372168,
                                                              33.787926
                                                          ]
                                      }
                     },
                     {
                         "type":  "Feature",
                         "properties":  {
                                            "OBJECTID":  66,
                                            "description":  "Recreation",
                                            "layer":  "P8",
                                            "mode":  "driving",
                                            "gender":  "Man",
                                            "race":  "White",
                                            "tenure":  "One to five",
                                            "income_range":  "More than $100,000",
                                            "mobile_rating":  "2",
                                            "movement_type":  "Joy",
                                            "participantName":  "Ethan"
                                        },
                         "geometry":  {
                                          "type":  "Point",
                                          "coordinates":  [
                                                              -84.350031,
                                                              34.001173
                                                          ]
                                      }
                     },
                     {
                         "type":  "Feature",
                         "properties":  {
                                            "OBJECTID":  67,
                                            "description":  "Grocery",
                                            "layer":  "P8",
                                            "mode":  "driving",
                                            "gender":  "Man",
                                            "race":  "White",
                                            "tenure":  "One to five",
                                            "income_range":  "More than $100,000",
                                            "mobile_rating":  "2",
                                            "movement_type":  "Utility",
                                            "participantName":  "Ethan"
                                        },
                         "geometry":  {
                                          "type":  "Point",
                                          "coordinates":  [
                                                              -84.482188,
                                                              33.839137
                                                          ]
                                      }
                     },
                     {
                         "type":  "Feature",
                         "properties":  {
                                            "OBJECTID":  68,
                                            "description":  "Recreation",
                                            "layer":  "P8",
                                            "mode":  "driving",
                                            "gender":  "Man",
                                            "race":  "White",
                                            "tenure":  "One to five",
                                            "income_range":  "More than $100,000",
                                            "mobile_rating":  "2",
                                            "movement_type":  "Joy",
                                            "participantName":  "Ethan"
                                        },
                         "geometry":  {
                                          "type":  "Point",
                                          "coordinates":  [
                                                              -84.379871,
                                                              33.839416
                                                          ]
                                      }
                     },
                     {
                         "type":  "Feature",
                         "properties":  {
                                            "OBJECTID":  69,
                                            "description":  "Recreation",
                                            "layer":  "P8",
                                            "mode":  "driving",
                                            "gender":  "Man",
                                            "race":  "White",
                                            "tenure":  "One to five",
                                            "income_range":  "More than $100,000",
                                            "mobile_rating":  "2",
                                            "movement_type":  "Joy",
                                            "participantName":  "Ethan"
                                        },
                         "geometry":  {
                                          "type":  "Point",
                                          "coordinates":  [
                                                              -84.379729,
                                                              33.971336
                                                          ]
                                      }
                     },
                     {
                         "type":  "Feature",
                         "properties":  {
                                            "OBJECTID":  70,
                                            "description":  "Grocery",
                                            "layer":  "P8",
                                            "mode":  "driving",
                                            "gender":  "Man",
                                            "race":  "White",
                                            "tenure":  "One to five",
                                            "income_range":  "More than $100,000",
                                            "mobile_rating":  "2",
                                            "movement_type":  "Utility",
                                            "participantName":  "Ethan"
                                        },
                         "geometry":  {
                                          "type":  "Point",
                                          "coordinates":  [
                                                              -84.273834,
                                                              33.90567
                                                          ]
                                      }
                     },
                     {
                         "type":  "Feature",
                         "properties":  {
                                            "OBJECTID":  71,
                                            "description":  "Health",
                                            "layer":  "P9",
                                            "mode":  "driving",
                                            "gender":  "Man",
                                            "race":  "Black",
                                            "tenure":  "Five and above",
                                            "income_range":  "Between $20,000-$50,000",
                                            "mobile_rating":  "3",
                                            "movement_type":  "Utility",
                                            "participantName":  "Bert"
                                        },
                         "geometry":  {
                                          "type":  "Point",
                                          "coordinates":  [
                                                              -84.386193,
                                                              33.768644
                                                          ]
                                      }
                     },
                     {
                         "type":  "Feature",
                         "properties":  {
                                            "OBJECTID":  72,
                                            "description":  "Community Engagement",
                                            "layer":  "P9",
                                            "mode":  "driving",
                                            "gender":  "Man",
                                            "race":  "Black",
                                            "tenure":  "Five and above",
                                            "income_range":  "Between $20,000-$50,000",
                                            "mobile_rating":  "3",
                                            "movement_type":  "Joy",
                                            "participantName":  "Bert"
                                        },
                         "geometry":  {
                                          "type":  "Point",
                                          "coordinates":  [
                                                              -84.387445,
                                                              33.756082
                                                          ]
                                      }
                     },
                     {
                         "type":  "Feature",
                         "properties":  {
                                            "OBJECTID":  73,
                                            "description":  "Recreation",
                                            "layer":  "P9",
                                            "mode":  "driving",
                                            "gender":  "Man",
                                            "race":  "Black",
                                            "tenure":  "Five and above",
                                            "income_range":  "Between $20,000-$50,000",
                                            "mobile_rating":  "3",
                                            "movement_type":  "Joy",
                                            "participantName":  "Bert"
                                        },
                         "geometry":  {
                                          "type":  "Point",
                                          "coordinates":  [
                                                              -84.389143,
                                                              33.725316
                                                          ]
                                      }
                     },
                     {
                         "type":  "Feature",
                         "properties":  {
                                            "OBJECTID":  74,
                                            "description":  "Community Engagement",
                                            "layer":  "P9",
                                            "mode":  "driving",
                                            "gender":  "Man",
                                            "race":  "Black",
                                            "tenure":  "Five and above",
                                            "income_range":  "Between $20,000-$50,000",
                                            "mobile_rating":  "3",
                                            "movement_type":  "Joy",
                                            "participantName":  "Bert"
                                        },
                         "geometry":  {
                                          "type":  "Point",
                                          "coordinates":  [
                                                              -84.379461,
                                                              33.736948
                                                          ]
                                      }
                     },
                     {
                         "type":  "Feature",
                         "properties":  {
                                            "OBJECTID":  75,
                                            "description":  "Grocery",
                                            "layer":  "P9",
                                            "mode":  "driving",
                                            "gender":  "Man",
                                            "race":  "Black",
                                            "tenure":  "Five and above",
                                            "income_range":  "Between $20,000-$50,000",
                                            "mobile_rating":  "3",
                                            "movement_type":  "Utility",
                                            "participantName":  "Bert"
                                        },
                         "geometry":  {
                                          "type":  "Point",
                                          "coordinates":  [
                                                              -84.360181,
                                                              33.742399
                                                          ]
                                      }
                     },
                     {
                         "type":  "Feature",
                         "properties":  {
                                            "OBJECTID":  76,
                                            "description":  "Recreation",
                                            "layer":  "P9",
                                            "mode":  "driving",
                                            "gender":  "Man",
                                            "race":  "Black",
                                            "tenure":  "Five and above",
                                            "income_range":  "Between $20,000-$50,000",
                                            "mobile_rating":  "3",
                                            "movement_type":  "Joy",
                                            "participantName":  "Bert"
                                        },
                         "geometry":  {
                                          "type":  "Point",
                                          "coordinates":  [
                                                              -84.388628,
                                                              33.755217
                                                          ]
                                      }
                     },
                     {
                         "type":  "Feature",
                         "properties":  {
                                            "OBJECTID":  77,
                                            "description":  "Home",
                                            "layer":  "P10",
                                            "mode":  "MARTA",
                                            "gender":  "Nonbinary",
                                            "race":  "White",
                                            "tenure":  "Five and above",
                                            "income_range":  "Less than $20,000",
                                            "mobile_rating":  "4",
                                            "movement_type":  "Utility",
                                            "participantName":  "Jesse"
                                        },
                         "geometry":  {
                                          "type":  "Point",
                                          "coordinates":  [
                                                              -84.37796,
                                                              33.77109
                                                          ]
                                      }
                     },
                     {
                         "type":  "Feature",
                         "properties":  {
                                            "OBJECTID":  78,
                                            "description":  "Home",
                                            "layer":  "P1",
                                            "mode":  "driving",
                                            "gender":  "Woman",
                                            "race":  "Black",
                                            "tenure":  "One year or less",
                                            "income_range":  "Less than $20,000",
                                            "mobile_rating":  "4",
                                            "movement_type":  "Utility",
                                            "participantName":  "Eshe"
                                        },
                         "geometry":  {
                                          "type":  "Point",
                                          "coordinates":  [
                                                              -84.3324,
                                                              33.71352
                                                          ]
                                      }
                     },
                     {
                         "type":  "Feature",
                         "properties":  {
                                            "OBJECTID":  79,
                                            "description":  "Home",
                                            "layer":  "P2",
                                            "mode":  "walking",
                                            "gender":  "Woman",
                                            "race":  "White",
                                            "tenure":  "One to five",
                                            "income_range":  "Between $20,000-$50,000",
                                            "mobile_rating":  "2",
                                            "movement_type":  "Utility",
                                            "participantName":  "Emily"
                                        },
                         "geometry":  {
                                          "type":  "Point",
                                          "coordinates":  [
                                                              -84.38721,
                                                              33.74886
                                                          ]
                                      }
                     },
                     {
                         "type":  "Feature",
                         "properties":  {
                                            "OBJECTID":  80,
                                            "description":  "Home",
                                            "layer":  "P3",
                                            "mode":  "driving",
                                            "gender":  "Woman",
                                            "race":  "White",
                                            "tenure":  "One to five",
                                            "income_range":  "More than $100,000",
                                            "mobile_rating":  "4",
                                            "movement_type":  "Utility",
                                            "participantName":  "Sarah"
                                        },
                         "geometry":  {
                                          "type":  "Point",
                                          "coordinates":  [
                                                              -84.386353205004525,
                                                              33.70635287358531
                                                          ]
                                      }
                     },
                     {
                         "type":  "Feature",
                         "properties":  {
                                            "OBJECTID":  81,
                                            "description":  "Home",
                                            "layer":  "P4",
                                            "mode":  "driving",
                                            "gender":  "Man",
                                            "race":  "Black",
                                            "tenure":  "One to five",
                                            "income_range":  "Less than $20,000",
                                            "mobile_rating":  "3",
                                            "movement_type":  "Utility",
                                            "participantName":  "Ade"
                                        },
                         "geometry":  {
                                          "type":  "Point",
                                          "coordinates":  [
                                                              -84.46022,
                                                              33.67518
                                                          ]
                                      }
                     },
                     {
                         "type":  "Feature",
                         "properties":  {
                                            "OBJECTID":  82,
                                            "description":  "Home",
                                            "layer":  "P5",
                                            "mode":  "driving",
                                            "gender":  "Woman",
                                            "race":  "Black",
                                            "tenure":  "Five and above",
                                            "income_range":  "Between $20,000-$50,000",
                                            "mobile_rating":  "5",
                                            "movement_type":  "Utility",
                                            "participantName":  "Cheryl"
                                        },
                         "geometry":  {
                                          "type":  "Point",
                                          "coordinates":  [
                                                              -84.39728,
                                                              33.76449
                                                          ]
                                      }
                     },
                     {
                         "type":  "Feature",
                         "properties":  {
                                            "OBJECTID":  83,
                                            "description":  "Home",
                                            "layer":  "P6",
                                            "mode":  "MARTA",
                                            "gender":  "Woman",
                                            "race":  "Black",
                                            "tenure":  "Five and above",
                                            "income_range":  "Between $20,000-$50,000",
                                            "mobile_rating":  "4",
                                            "movement_type":  "Joy",
                                            "participantName":  "Debra"
                                        },
                         "geometry":  {
                                          "type":  "Point",
                                          "coordinates":  [
                                                              -84.46028,
                                                              33.67514
                                                          ]
                                      }
                     },
                     {
                         "type":  "Feature",
                         "properties":  {
                                            "OBJECTID":  84,
                                            "description":  "Home",
                                            "layer":  "P7",
                                            "mode":  "driving",
                                            "gender":  "Man",
                                            "race":  "White",
                                            "tenure":  "One to five",
                                            "income_range":  "More than $100,000",
                                            "mobile_rating":  "4",
                                            "movement_type":  "Joy",
                                            "participantName":  "Adam"
                                        },
                         "geometry":  {
                                          "type":  "Point",
                                          "coordinates":  [
                                                              -84.38655,
                                                              33.79757
                                                          ]
                                      }
                     },
                     {
                         "type":  "Feature",
                         "properties":  {
                                            "OBJECTID":  85,
                                            "description":  "Home",
                                            "layer":  "P8",
                                            "mode":  "driving",
                                            "gender":  "Man",
                                            "race":  "White",
                                            "tenure":  "One to five",
                                            "income_range":  "More than $100,000",
                                            "mobile_rating":  "2",
                                            "movement_type":  "Joy",
                                            "participantName":  "Ethan"
                                        },
                         "geometry":  {
                                          "type":  "Point",
                                          "coordinates":  [
                                                              -84.38665,
                                                              33.79759
                                                          ]
                                      }
                     },
                     {
                         "type":  "Feature",
                         "properties":  {
                                            "OBJECTID":  86,
                                            "description":  "Home",
                                            "layer":  "P9",
                                            "mode":  "MARTA",
                                            "gender":  "Man",
                                            "race":  "Black",
                                            "tenure":  "Five and above",
                                            "income_range":  "Between $20,000-$50,000",
                                            "mobile_rating":  "3",
                                            "movement_type":  "Utility",
                                            "participantName":  "Bert"
                                        },
                         "geometry":  {
                                          "type":  "Point",
                                          "coordinates":  [
                                                              -84.38162,
                                                              33.70344
                                                          ]
                                      }
                     }
                 ]
}